{
  "http://127.0.0.1:8888/bookmarks?page=1&limit=25&sort=created_at&extension=videos&search=&start_date=&end_date=" : {
    "transaction" : "http://127.0.0.1:8888/bookmarks?page=1&limit=25&sort=created_at&extension=videos&search=&start_date=&end_date=",
    "sampleCount" : 1,
    "errorCount" : 0,
    "errorPct" : 0.0,
    "meanResTime" : 9.0,
    "medianResTime" : 9.0,
    "minResTime" : 9.0,
    "maxResTime" : 9.0,
    "pct1ResTime" : 9.0,
    "pct2ResTime" : 9.0,
    "pct3ResTime" : 9.0,
    "throughput" : 111.1111111111111,
    "receivedKBytesPerSec" : 16.167534722222225,
    "sentKBytesPerSec" : 48.93663194444445
  },
  "http://127.0.0.1:8888/search-indexing?page=1&limit=25&search=&content_type=transcriptions&search_type=public&sort=modified_at" : {
    "transaction" : "http://127.0.0.1:8888/search-indexing?page=1&limit=25&search=&content_type=transcriptions&search_type=public&sort=modified_at",
    "sampleCount" : 1,
    "errorCount" : 0,
    "errorPct" : 0.0,
    "meanResTime" : 24.0,
    "medianResTime" : 24.0,
    "minResTime" : 24.0,
    "maxResTime" : 24.0,
    "pct1ResTime" : 24.0,
    "pct2ResTime" : 24.0,
    "pct3ResTime" : 24.0,
    "throughput" : 41.666666666666664,
    "receivedKBytesPerSec" : 491.4143880208333,
    "sentKBytesPerSec" : 18.961588541666668
  },
  "http://127.0.0.1:8888/public-index/bafkreicce5hmi2urus6qxs5abjckkliqvawfiqr4u7l2ndn3n7jyrubs7e" : {
    "transaction" : "http://127.0.0.1:8888/public-index/bafkreicce5hmi2urus6qxs5abjckkliqvawfiqr4u7l2ndn3n7jyrubs7e",
    "sampleCount" : 1,
    "errorCount" : 0,
    "errorPct" : 0.0,
    "meanResTime" : 8.0,
    "medianResTime" : 8.0,
    "minResTime" : 8.0,
    "maxResTime" : 8.0,
    "pct1ResTime" : 8.0,
    "pct2ResTime" : 8.0,
    "pct3ResTime" : 8.0,
    "throughput" : 125.0,
    "receivedKBytesPerSec" : 21.240234375,
    "sentKBytesPerSec" : 63.3544921875
  },
  "http://127.0.0.1:8888/search-indexing?page=1&limit=25&search=&content_type=images&search_type=public&sort=modified_at" : {
    "transaction" : "http://127.0.0.1:8888/search-indexing?page=1&limit=25&search=&content_type=images&search_type=public&sort=modified_at",
    "sampleCount" : 1,
    "errorCount" : 0,
    "errorPct" : 0.0,
    "meanResTime" : 40.0,
    "medianResTime" : 40.0,
    "minResTime" : 40.0,
    "maxResTime" : 40.0,
    "pct1ResTime" : 40.0,
    "pct2ResTime" : 40.0,
    "pct3ResTime" : 40.0,
    "throughput" : 25.0,
    "receivedKBytesPerSec" : 293.9208984375,
    "sentKBytesPerSec" : 11.181640625
  },
  "http://127.0.0.1:8888/folders/details?page=1&limit=25&search=19" : {
    "transaction" : "http://127.0.0.1:8888/folders/details?page=1&limit=25&search=19",
    "sampleCount" : 1,
    "errorCount" : 0,
    "errorPct" : 0.0,
    "meanResTime" : 10.0,
    "medianResTime" : 10.0,
    "minResTime" : 10.0,
    "maxResTime" : 10.0,
    "pct1ResTime" : 10.0,
    "pct2ResTime" : 10.0,
    "pct3ResTime" : 10.0,
    "throughput" : 100.0,
    "receivedKBytesPerSec" : 432.421875,
    "sentKBytesPerSec" : 55.56640625
  },
  "http://127.0.0.1:8888/files/edit" : {
    "transaction" : "http://127.0.0.1:8888/files/edit",
    "sampleCount" : 1,
    "errorCount" : 0,
    "errorPct" : 0.0,
    "meanResTime" : 7.0,
    "medianResTime" : 7.0,
    "minResTime" : 7.0,
    "maxResTime" : 7.0,
    "pct1ResTime" : 7.0,
    "pct2ResTime" : 7.0,
    "pct3ResTime" : 7.0,
    "throughput" : 142.85714285714286,
    "receivedKBytesPerSec" : 23.158482142857142,
    "sentKBytesPerSec" : 81.33370535714286
  },
  "http://127.0.0.1:8888/folders?page=1&limit=54&status=1&search=" : {
    "transaction" : "http://127.0.0.1:8888/folders?page=1&limit=54&status=1&search=",
    "sampleCount" : 2,
    "errorCount" : 0,
    "errorPct" : 0.0,
    "meanResTime" : 30.0,
    "medianResTime" : 30.0,
    "minResTime" : 9.0,
    "maxResTime" : 51.0,
    "pct1ResTime" : 51.0,
    "pct2ResTime" : 51.0,
    "pct3ResTime" : 51.0,
    "throughput" : 0.06138358602909582,
    "receivedKBytesPerSec" : 0.04381972791725493,
    "sentKBytesPerSec" : 0.024157798017310172
  },
  "http://127.0.0.1:8888/default-interests" : {
    "transaction" : "http://127.0.0.1:8888/default-interests",
    "sampleCount" : 1,
    "errorCount" : 0,
    "errorPct" : 0.0,
    "meanResTime" : 2.0,
    "medianResTime" : 2.0,
    "minResTime" : 2.0,
    "maxResTime" : 2.0,
    "pct1ResTime" : 2.0,
    "pct2ResTime" : 2.0,
    "pct3ResTime" : 2.0,
    "throughput" : 500.0,
    "receivedKBytesPerSec" : 155.2734375,
    "sentKBytesPerSec" : 185.546875
  },
  "http://127.0.0.1:8888/search-indexing?page=1&limit=25&search=&content_type=docs&search_type=public&sort=modified_at" : {
    "transaction" : "http://127.0.0.1:8888/search-indexing?page=1&limit=25&search=&content_type=docs&search_type=public&sort=modified_at",
    "sampleCount" : 1,
    "errorCount" : 0,
    "errorPct" : 0.0,
    "meanResTime" : 1435.0,
    "medianResTime" : 1435.0,
    "minResTime" : 1435.0,
    "maxResTime" : 1435.0,
    "pct1ResTime" : 1435.0,
    "pct2ResTime" : 1435.0,
    "pct3ResTime" : 1435.0,
    "throughput" : 0.6968641114982579,
    "receivedKBytesPerSec" : 11.012358449477352,
    "sentKBytesPerSec" : 0.31032229965156793
  },
  "http://127.0.0.1:8888/folders/delete" : {
    "transaction" : "http://127.0.0.1:8888/folders/delete",
    "sampleCount" : 1,
    "errorCount" : 1,
    "errorPct" : 100.0,
    "meanResTime" : 5.0,
    "medianResTime" : 5.0,
    "minResTime" : 5.0,
    "maxResTime" : 5.0,
    "pct1ResTime" : 5.0,
    "pct2ResTime" : 5.0,
    "pct3ResTime" : 5.0,
    "throughput" : 200.0,
    "receivedKBytesPerSec" : 43.75,
    "sentKBytesPerSec" : 84.1796875
  },
  "http://127.0.0.1:8888/folders/details?page=1&limit=25&search=197" : {
    "transaction" : "http://127.0.0.1:8888/folders/details?page=1&limit=25&search=197",
    "sampleCount" : 1,
    "errorCount" : 0,
    "errorPct" : 0.0,
    "meanResTime" : 11.0,
    "medianResTime" : 11.0,
    "minResTime" : 11.0,
    "maxResTime" : 11.0,
    "pct1ResTime" : 11.0,
    "pct2ResTime" : 11.0,
    "pct3ResTime" : 11.0,
    "throughput" : 90.9090909090909,
    "receivedKBytesPerSec" : 393.1107954545455,
    "sentKBytesPerSec" : 50.60369318181819
  },
  "http://127.0.0.1:8888/search-indexing?page=1&limit=25&search=%20Transportable%20Port%20Security%20Boat&content_type=all&search_type=public&sort=modified_at" : {
    "transaction" : "http://127.0.0.1:8888/search-indexing?page=1&limit=25&search=%20Transportable%20Port%20Security%20Boat&content_type=all&search_type=public&sort=modified_at",
    "sampleCount" : 1,
    "errorCount" : 0,
    "errorPct" : 0.0,
    "meanResTime" : 9946.0,
    "medianResTime" : 9946.0,
    "minResTime" : 9946.0,
    "maxResTime" : 9946.0,
    "pct1ResTime" : 9946.0,
    "pct2ResTime" : 9946.0,
    "pct3ResTime" : 9946.0,
    "throughput" : 0.10054293183189222,
    "receivedKBytesPerSec" : 1.6853705321234667,
    "sentKBytesPerSec" : 0.04791499095113614
  },
  "http://127.0.0.1:8888/folders/details?page=1&limit=25&search=" : {
    "transaction" : "http://127.0.0.1:8888/folders/details?page=1&limit=25&search=",
    "sampleCount" : 1,
    "errorCount" : 0,
    "errorPct" : 0.0,
    "meanResTime" : 25.0,
    "medianResTime" : 25.0,
    "minResTime" : 25.0,
    "maxResTime" : 25.0,
    "pct1ResTime" : 25.0,
    "pct2ResTime" : 25.0,
    "pct3ResTime" : 25.0,
    "throughput" : 40.0,
    "receivedKBytesPerSec" : 1149.21875,
    "sentKBytesPerSec" : 22.1484375
  },
  "http://127.0.0.1:8888/folders/details?page=1&limit=25&search=1" : {
    "transaction" : "http://127.0.0.1:8888/folders/details?page=1&limit=25&search=1",
    "sampleCount" : 1,
    "errorCount" : 0,
    "errorPct" : 0.0,
    "meanResTime" : 17.0,
    "medianResTime" : 17.0,
    "minResTime" : 17.0,
    "maxResTime" : 17.0,
    "pct1ResTime" : 17.0,
    "pct2ResTime" : 17.0,
    "pct3ResTime" : 17.0,
    "throughput" : 58.8235294117647,
    "receivedKBytesPerSec" : 1105.6985294117646,
    "sentKBytesPerSec" : 32.62867647058823
  },
  "http://127.0.0.1:8888/orbitdb-received-request-files?page=1&limit=25&sort=created_at&search=&start_date=&end_date=" : {
    "transaction" : "http://127.0.0.1:8888/orbitdb-received-request-files?page=1&limit=25&sort=created_at&search=&start_date=&end_date=",
    "sampleCount" : 1,
    "errorCount" : 0,
    "errorPct" : 0.0,
    "meanResTime" : 16.0,
    "medianResTime" : 16.0,
    "minResTime" : 16.0,
    "maxResTime" : 16.0,
    "pct1ResTime" : 16.0,
    "pct2ResTime" : 16.0,
    "pct3ResTime" : 16.0,
    "throughput" : 62.5,
    "receivedKBytesPerSec" : 9.09423828125,
    "sentKBytesPerSec" : 27.77099609375
  },
  "http://127.0.0.1:8888/folders/details?page=1&limit=25&search=1970" : {
    "transaction" : "http://127.0.0.1:8888/folders/details?page=1&limit=25&search=1970",
    "sampleCount" : 1,
    "errorCount" : 0,
    "errorPct" : 0.0,
    "meanResTime" : 8.0,
    "medianResTime" : 8.0,
    "minResTime" : 8.0,
    "maxResTime" : 8.0,
    "pct1ResTime" : 8.0,
    "pct2ResTime" : 8.0,
    "pct3ResTime" : 8.0,
    "throughput" : 125.0,
    "receivedKBytesPerSec" : 540.52734375,
    "sentKBytesPerSec" : 69.7021484375
  },
  "http://127.0.0.1:8888/search-indexing?page=1&limit=25&search=&content_type=all&search_type=public&sort=modified_at" : {
    "transaction" : "http://127.0.0.1:8888/search-indexing?page=1&limit=25&search=&content_type=all&search_type=public&sort=modified_at",
    "sampleCount" : 2,
    "errorCount" : 0,
    "errorPct" : 0.0,
    "meanResTime" : 1455.0,
    "medianResTime" : 1455.0,
    "minResTime" : 1332.0,
    "maxResTime" : 1578.0,
    "pct1ResTime" : 1578.0,
    "pct2ResTime" : 1578.0,
    "pct3ResTime" : 1578.0,
    "throughput" : 0.06564695069914002,
    "receivedKBytesPerSec" : 0.8489227745683713,
    "sentKBytesPerSec" : 0.02916929938291866
  },
  "http://127.0.0.1:8888/search-indexing?page=1&limit=25&search=boat%20disaster&content_type=images&search_type=public&sort=modified_at" : {
    "transaction" : "http://127.0.0.1:8888/search-indexing?page=1&limit=25&search=boat%20disaster&content_type=images&search_type=public&sort=modified_at",
    "sampleCount" : 1,
    "errorCount" : 0,
    "errorPct" : 0.0,
    "meanResTime" : 79.0,
    "medianResTime" : 79.0,
    "minResTime" : 79.0,
    "maxResTime" : 79.0,
    "pct1ResTime" : 79.0,
    "pct2ResTime" : 79.0,
    "pct3ResTime" : 79.0,
    "throughput" : 12.658227848101266,
    "receivedKBytesPerSec" : 1.8418710443037976,
    "sentKBytesPerSec" : 5.822290348101266
  },
  "http://127.0.0.1:8888/bookmarks?page=1&limit=25&sort=created_at&extension=images&search=&start_date=&end_date=" : {
    "transaction" : "http://127.0.0.1:8888/bookmarks?page=1&limit=25&sort=created_at&extension=images&search=&start_date=&end_date=",
    "sampleCount" : 1,
    "errorCount" : 0,
    "errorPct" : 0.0,
    "meanResTime" : 17.0,
    "medianResTime" : 17.0,
    "minResTime" : 17.0,
    "maxResTime" : 17.0,
    "pct1ResTime" : 17.0,
    "pct2ResTime" : 17.0,
    "pct3ResTime" : 17.0,
    "throughput" : 58.8235294117647,
    "receivedKBytesPerSec" : 8.559283088235293,
    "sentKBytesPerSec" : 25.907628676470587
  },
  "http://127.0.0.1:8888/search-indexing?page=1&limit=25&search=&content_type=videos&search_type=public&sort=modified_at" : {
    "transaction" : "http://127.0.0.1:8888/search-indexing?page=1&limit=25&search=&content_type=videos&search_type=public&sort=modified_at",
    "sampleCount" : 1,
    "errorCount" : 0,
    "errorPct" : 0.0,
    "meanResTime" : 70.0,
    "medianResTime" : 70.0,
    "minResTime" : 70.0,
    "maxResTime" : 70.0,
    "pct1ResTime" : 70.0,
    "pct2ResTime" : 70.0,
    "pct3ResTime" : 70.0,
    "throughput" : 14.285714285714285,
    "receivedKBytesPerSec" : 168.10825892857142,
    "sentKBytesPerSec" : 6.389508928571428
  },
  "http://127.0.0.1:8888/settings" : {
    "transaction" : "http://127.0.0.1:8888/settings",
    "sampleCount" : 1,
    "errorCount" : 0,
    "errorPct" : 0.0,
    "meanResTime" : 9.0,
    "medianResTime" : 9.0,
    "minResTime" : 9.0,
    "maxResTime" : 9.0,
    "pct1ResTime" : 9.0,
    "pct2ResTime" : 9.0,
    "pct3ResTime" : 9.0,
    "throughput" : 111.1111111111111,
    "receivedKBytesPerSec" : 161.3498263888889,
    "sentKBytesPerSec" : 40.25607638888889
  },
  "http://127.0.0.1:8888/bookmarks" : {
    "transaction" : "http://127.0.0.1:8888/bookmarks",
    "sampleCount" : 1,
    "errorCount" : 0,
    "errorPct" : 0.0,
    "meanResTime" : 16.0,
    "medianResTime" : 16.0,
    "minResTime" : 16.0,
    "maxResTime" : 16.0,
    "pct1ResTime" : 16.0,
    "pct2ResTime" : 16.0,
    "pct3ResTime" : 16.0,
    "throughput" : 62.5,
    "receivedKBytesPerSec" : 8.11767578125,
    "sentKBytesPerSec" : 36.865234375
  },
  "http://127.0.0.1:8888/search-indexing?page=1&limit=25&search=boat%20disaster&content_type=all&search_type=public&sort=modified_at" : {
    "transaction" : "http://127.0.0.1:8888/search-indexing?page=1&limit=25&search=boat%20disaster&content_type=all&search_type=public&sort=modified_at",
    "sampleCount" : 1,
    "errorCount" : 0,
    "errorPct" : 0.0,
    "meanResTime" : 4575.0,
    "medianResTime" : 4575.0,
    "minResTime" : 4575.0,
    "maxResTime" : 4575.0,
    "pct1ResTime" : 4575.0,
    "pct2ResTime" : 4575.0,
    "pct3ResTime" : 4575.0,
    "throughput" : 0.2185792349726776,
    "receivedKBytesPerSec" : 3.642418032786885,
    "sentKBytesPerSec" : 0.09989754098360655
  },
  "http://127.0.0.1:8888/public-index" : {
    "transaction" : "http://127.0.0.1:8888/public-index",
    "sampleCount" : 1,
    "errorCount" : 0,
    "errorPct" : 0.0,
    "meanResTime" : 10.0,
    "medianResTime" : 10.0,
    "minResTime" : 10.0,
    "maxResTime" : 10.0,
    "pct1ResTime" : 10.0,
    "pct2ResTime" : 10.0,
    "pct3ResTime" : 10.0,
    "throughput" : 100.0,
    "receivedKBytesPerSec" : 16.40625,
    "sentKBytesPerSec" : 36.62109375
  },
  "http://127.0.0.1:8888/public-stats" : {
    "transaction" : "http://127.0.0.1:8888/public-stats",
    "sampleCount" : 1,
    "errorCount" : 0,
    "errorPct" : 0.0,
    "meanResTime" : 49.0,
    "medianResTime" : 49.0,
    "minResTime" : 49.0,
    "maxResTime" : 49.0,
    "pct1ResTime" : 49.0,
    "pct2ResTime" : 49.0,
    "pct3ResTime" : 49.0,
    "throughput" : 20.408163265306122,
    "receivedKBytesPerSec" : 7.8125,
    "sentKBytesPerSec" : 7.473692602040816
  },
  "http://127.0.0.1:8888/load-public-indexes" : {
    "transaction" : "http://127.0.0.1:8888/load-public-indexes",
    "sampleCount" : 1,
    "errorCount" : 0,
    "errorPct" : 0.0,
    "meanResTime" : 3.0,
    "medianResTime" : 3.0,
    "minResTime" : 3.0,
    "maxResTime" : 3.0,
    "pct1ResTime" : 3.0,
    "pct2ResTime" : 3.0,
    "pct3ResTime" : 3.0,
    "throughput" : 333.3333333333333,
    "receivedKBytesPerSec" : 55.338541666666664,
    "sentKBytesPerSec" : 124.34895833333333
  },
  "http://127.0.0.1:8888/files-stats" : {
    "transaction" : "http://127.0.0.1:8888/files-stats",
    "sampleCount" : 1,
    "errorCount" : 0,
    "errorPct" : 0.0,
    "meanResTime" : 17.0,
    "medianResTime" : 17.0,
    "minResTime" : 17.0,
    "maxResTime" : 17.0,
    "pct1ResTime" : 17.0,
    "pct2ResTime" : 17.0,
    "pct3ResTime" : 17.0,
    "throughput" : 58.8235294117647,
    "receivedKBytesPerSec" : 17.463235294117645,
    "sentKBytesPerSec" : 21.484375
  },
  "http://127.0.0.1:8888/bookmarks/delete" : {
    "transaction" : "http://127.0.0.1:8888/bookmarks/delete",
    "sampleCount" : 1,
    "errorCount" : 1,
    "errorPct" : 100.0,
    "meanResTime" : 3.0,
    "medianResTime" : 3.0,
    "minResTime" : 3.0,
    "maxResTime" : 3.0,
    "pct1ResTime" : 3.0,
    "pct2ResTime" : 3.0,
    "pct3ResTime" : 3.0,
    "throughput" : 333.3333333333333,
    "receivedKBytesPerSec" : 72.91666666666667,
    "sentKBytesPerSec" : 140.95052083333334
  },
  "http://127.0.0.1:8888/folders?page=1&limit=54&status=0&search=" : {
    "transaction" : "http://127.0.0.1:8888/folders?page=1&limit=54&status=0&search=",
    "sampleCount" : 2,
    "errorCount" : 0,
    "errorPct" : 0.0,
    "meanResTime" : 11.0,
    "medianResTime" : 11.0,
    "minResTime" : 11.0,
    "maxResTime" : 11.0,
    "pct1ResTime" : 11.0,
    "pct2ResTime" : 11.0,
    "pct3ResTime" : 11.0,
    "throughput" : 0.061574458914442284,
    "receivedKBytesPerSec" : 0.04407624842215449,
    "sentKBytesPerSec" : 0.024232916936054925
  },
  "http://127.0.0.1:8888/orbitdb-requested-files?page=1&limit=25&sort=created_at&search=&start_date=&end_date=" : {
    "transaction" : "http://127.0.0.1:8888/orbitdb-requested-files?page=1&limit=25&sort=created_at&search=&start_date=&end_date=",
    "sampleCount" : 1,
    "errorCount" : 0,
    "errorPct" : 0.0,
    "meanResTime" : 18.0,
    "medianResTime" : 18.0,
    "minResTime" : 18.0,
    "maxResTime" : 18.0,
    "pct1ResTime" : 18.0,
    "pct2ResTime" : 18.0,
    "pct3ResTime" : 18.0,
    "throughput" : 55.55555555555555,
    "receivedKBytesPerSec" : 8.083767361111112,
    "sentKBytesPerSec" : 24.305555555555557
  },
  "http://127.0.0.1:8888/search-indexing?page=1&limit=25&search=&content_type=all&search_type=local&sort=modified_at" : {
    "transaction" : "http://127.0.0.1:8888/search-indexing?page=1&limit=25&search=&content_type=all&search_type=local&sort=modified_at",
    "sampleCount" : 1,
    "errorCount" : 0,
    "errorPct" : 0.0,
    "meanResTime" : 54.0,
    "medianResTime" : 54.0,
    "minResTime" : 54.0,
    "maxResTime" : 54.0,
    "pct1ResTime" : 54.0,
    "pct2ResTime" : 54.0,
    "pct3ResTime" : 54.0,
    "throughput" : 18.51851851851852,
    "receivedKBytesPerSec" : 153.1937210648148,
    "sentKBytesPerSec" : 8.210358796296296
  },
  "http://127.0.0.1:8888/bookmarks?page=1&limit=25&sort=created_at&extension=all&search=&start_date=&end_date=" : {
    "transaction" : "http://127.0.0.1:8888/bookmarks?page=1&limit=25&sort=created_at&extension=all&search=&start_date=&end_date=",
    "sampleCount" : 1,
    "errorCount" : 0,
    "errorPct" : 0.0,
    "meanResTime" : 17.0,
    "medianResTime" : 17.0,
    "minResTime" : 17.0,
    "maxResTime" : 17.0,
    "pct1ResTime" : 17.0,
    "pct2ResTime" : 17.0,
    "pct3ResTime" : 17.0,
    "throughput" : 58.8235294117647,
    "receivedKBytesPerSec" : 22.863051470588232,
    "sentKBytesPerSec" : 25.735294117647058
  },
  "Total" : {
    "transaction" : "Total",
    "sampleCount" : 38,
    "errorCount" : 2,
    "errorPct" : 5.263158,
    "meanResTime" : 898.4473684210527,
    "medianResTime" : 17.0,
    "minResTime" : 2.0,
    "maxResTime" : 11128.0,
    "pct1ResTime" : 3589.5000000000014,
    "pct2ResTime" : 10005.099999999997,
    "pct3ResTime" : 11128.0,
    "throughput" : 1.1118588524446265,
    "receivedKBytesPerSec" : 6.088878759838488,
    "sentKBytesPerSec" : 0.5023537850747579
  },
  "http://127.0.0.1:8888/search-indexing?page=1&limit=25&search=boat%20disaster&content_type=transcriptions&search_type=public&sort=modified_at" : {
    "transaction" : "http://127.0.0.1:8888/search-indexing?page=1&limit=25&search=boat%20disaster&content_type=transcriptions&search_type=public&sort=modified_at",
    "sampleCount" : 1,
    "errorCount" : 0,
    "errorPct" : 0.0,
    "meanResTime" : 41.0,
    "medianResTime" : 41.0,
    "minResTime" : 41.0,
    "maxResTime" : 41.0,
    "pct1ResTime" : 41.0,
    "pct2ResTime" : 41.0,
    "pct3ResTime" : 41.0,
    "throughput" : 24.390243902439025,
    "receivedKBytesPerSec" : 3.5489710365853657,
    "sentKBytesPerSec" : 11.409108231707316
  },
  "http://127.0.0.1:8888/search-indexing?page=1&limit=25&search=Boat&content_type=all&search_type=public&sort=modified_at" : {
    "transaction" : "http://127.0.0.1:8888/search-indexing?page=1&limit=25&search=Boat&content_type=all&search_type=public&sort=modified_at",
    "sampleCount" : 1,
    "errorCount" : 0,
    "errorPct" : 0.0,
    "meanResTime" : 3480.0,
    "medianResTime" : 3480.0,
    "minResTime" : 3480.0,
    "maxResTime" : 3480.0,
    "pct1ResTime" : 3480.0,
    "pct2ResTime" : 3480.0,
    "pct3ResTime" : 3480.0,
    "throughput" : 0.28735632183908044,
    "receivedKBytesPerSec" : 4.965315193965517,
    "sentKBytesPerSec" : 0.12880522629310345
  },
  "http://127.0.0.1:8888/search-indexing?page=1&limit=25&search=Thekkady%20boat%20disaster&content_type=all&search_type=public&sort=modified_at" : {
    "transaction" : "http://127.0.0.1:8888/search-indexing?page=1&limit=25&search=Thekkady%20boat%20disaster&content_type=all&search_type=public&sort=modified_at",
    "sampleCount" : 1,
    "errorCount" : 0,
    "errorPct" : 0.0,
    "meanResTime" : 11128.0,
    "medianResTime" : 11128.0,
    "minResTime" : 11128.0,
    "maxResTime" : 11128.0,
    "pct1ResTime" : 11128.0,
    "pct2ResTime" : 11128.0,
    "pct3ResTime" : 11128.0,
    "throughput" : 0.08986340762041697,
    "receivedKBytesPerSec" : 0.3454124730409777,
    "sentKBytesPerSec" : 0.04186020062005751
  }
}