{
  "http://127.0.0.1:8888/bookmarks?page=1&limit=25&sort=created_at&extension=videos&search=&start_date=&end_date=" : {
    "transaction" : "http://127.0.0.1:8888/bookmarks?page=1&limit=25&sort=created_at&extension=videos&search=&start_date=&end_date=",
    "sampleCount" : 100,
    "errorCount" : 0,
    "errorPct" : 0.0,
    "meanResTime" : 46847.200000000004,
    "medianResTime" : 26910.5,
    "minResTime" : 123.0,
    "maxResTime" : 290744.0,
    "pct1ResTime" : 120371.60000000005,
    "pct2ResTime" : 169866.49999999983,
    "pct3ResTime" : 290641.12999999995,
    "throughput" : 0.03189838450631668,
    "receivedKBytesPerSec" : 0.004641464151798032,
    "sentKBytesPerSec" : 0.014048995519871897
  },
  "http://127.0.0.1:8888/search-indexing?page=1&limit=25&search=&content_type=transcriptions&search_type=public&sort=modified_at" : {
    "transaction" : "http://127.0.0.1:8888/search-indexing?page=1&limit=25&search=&content_type=transcriptions&search_type=public&sort=modified_at",
    "sampleCount" : 100,
    "errorCount" : 0,
    "errorPct" : 0.0,
    "meanResTime" : 67257.54000000001,
    "medianResTime" : 55072.5,
    "minResTime" : 588.0,
    "maxResTime" : 297143.0,
    "pct1ResTime" : 130828.50000000006,
    "pct2ResTime" : 224244.55,
    "pct3ResTime" : 296962.7499999999,
    "throughput" : 0.029361177124824347,
    "receivedKBytesPerSec" : 0.34628411732080433,
    "sentKBytesPerSec" : 0.013361629433757955
  },
  "http://127.0.0.1:8888/public-index/bafkreicce5hmi2urus6qxs5abjckkliqvawfiqr4u7l2ndn3n7jyrubs7e" : {
    "transaction" : "http://127.0.0.1:8888/public-index/bafkreicce5hmi2urus6qxs5abjckkliqvawfiqr4u7l2ndn3n7jyrubs7e",
    "sampleCount" : 100,
    "errorCount" : 0,
    "errorPct" : 0.0,
    "meanResTime" : 126626.51999999993,
    "medianResTime" : 70274.0,
    "minResTime" : 813.0,
    "maxResTime" : 698873.0,
    "pct1ResTime" : 358159.1000000001,
    "pct2ResTime" : 370655.8,
    "pct3ResTime" : 698278.5899999997,
    "throughput" : 0.029814888302993205,
    "receivedKBytesPerSec" : 0.005066201723360174,
    "sentKBytesPerSec" : 0.015111256864505346
  },
  "http://127.0.0.1:8888/search-indexing?page=1&limit=25&search=&content_type=images&search_type=public&sort=modified_at" : {
    "transaction" : "http://127.0.0.1:8888/search-indexing?page=1&limit=25&search=&content_type=images&search_type=public&sort=modified_at",
    "sampleCount" : 100,
    "errorCount" : 0,
    "errorPct" : 0.0,
    "meanResTime" : 68188.68000000001,
    "medianResTime" : 48260.5,
    "minResTime" : 5591.0,
    "maxResTime" : 255712.0,
    "pct1ResTime" : 160689.4,
    "pct2ResTime" : 235425.6999999999,
    "pct3ResTime" : 255711.12,
    "throughput" : 0.02929416586180946,
    "receivedKBytesPerSec" : 0.3444067019632071,
    "sentKBytesPerSec" : 0.013102273403035871
  },
  "http://127.0.0.1:8888/folders/details?page=1&limit=25&search=19" : {
    "transaction" : "http://127.0.0.1:8888/folders/details?page=1&limit=25&search=19",
    "sampleCount" : 100,
    "errorCount" : 0,
    "errorPct" : 0.0,
    "meanResTime" : 43968.18,
    "medianResTime" : 22290.0,
    "minResTime" : 65.0,
    "maxResTime" : 312757.0,
    "pct1ResTime" : 124219.3,
    "pct2ResTime" : 190019.6499999999,
    "pct3ResTime" : 312432.32999999984,
    "throughput" : 0.032691116352586765,
    "receivedKBytesPerSec" : 0.1413635382902873,
    "sentKBytesPerSec" : 0.018165278520138547
  },
  "http://127.0.0.1:8888/files/edit" : {
    "transaction" : "http://127.0.0.1:8888/files/edit",
    "sampleCount" : 100,
    "errorCount" : 0,
    "errorPct" : 0.0,
    "meanResTime" : 85357.84999999996,
    "medianResTime" : 51762.0,
    "minResTime" : 429.0,
    "maxResTime" : 677002.0,
    "pct1ResTime" : 209620.10000000006,
    "pct2ResTime" : 266531.34999999986,
    "pct3ResTime" : 676294.8599999996,
    "throughput" : 0.029504556536188664,
    "receivedKBytesPerSec" : 0.00478296521973371,
    "sentKBytesPerSec" : 0.016798004356052727
  },
  "http://127.0.0.1:8888/folders?page=1&limit=54&status=1&search=" : {
    "transaction" : "http://127.0.0.1:8888/folders?page=1&limit=54&status=1&search=",
    "sampleCount" : 200,
    "errorCount" : 0,
    "errorPct" : 0.0,
    "meanResTime" : 39175.310000000034,
    "medianResTime" : 15875.5,
    "minResTime" : 80.0,
    "maxResTime" : 393834.0,
    "pct1ResTime" : 74737.00000000001,
    "pct2ResTime" : 207794.14999999967,
    "pct3ResTime" : 343174.0800000005,
    "throughput" : 0.05248850632932654,
    "receivedKBytesPerSec" : 0.03746982238939228,
    "sentKBytesPerSec" : 0.020657097705779875
  },
  "http://127.0.0.1:8888/default-interests" : {
    "transaction" : "http://127.0.0.1:8888/default-interests",
    "sampleCount" : 100,
    "errorCount" : 0,
    "errorPct" : 0.0,
    "meanResTime" : 9806.189999999999,
    "medianResTime" : 4351.5,
    "minResTime" : 45.0,
    "maxResTime" : 96482.0,
    "pct1ResTime" : 25596.900000000016,
    "pct2ResTime" : 49844.44999999993,
    "pct3ResTime" : 96240.41999999988,
    "throughput" : 0.0344654545855598,
    "receivedKBytesPerSec" : 0.010703139217000016,
    "sentKBytesPerSec" : 0.012789914787610083
  },
  "http://127.0.0.1:8888/search-indexing?page=1&limit=25&search=&content_type=docs&search_type=public&sort=modified_at" : {
    "transaction" : "http://127.0.0.1:8888/search-indexing?page=1&limit=25&search=&content_type=docs&search_type=public&sort=modified_at",
    "sampleCount" : 100,
    "errorCount" : 0,
    "errorPct" : 0.0,
    "meanResTime" : 66109.63,
    "medianResTime" : 57389.5,
    "minResTime" : 2942.0,
    "maxResTime" : 293745.0,
    "pct1ResTime" : 103979.90000000001,
    "pct2ResTime" : 200137.39999999985,
    "pct3ResTime" : 293518.21999999986,
    "throughput" : 0.029370197238496574,
    "receivedKBytesPerSec" : 0.4641294255013199,
    "sentKBytesPerSec" : 0.013078915957768006
  },
  "http://127.0.0.1:8888/folders/delete" : {
    "transaction" : "http://127.0.0.1:8888/folders/delete",
    "sampleCount" : 100,
    "errorCount" : 100,
    "errorPct" : 100.0,
    "meanResTime" : 57467.700000000026,
    "medianResTime" : 25910.0,
    "minResTime" : 393.0,
    "maxResTime" : 1403287.0,
    "pct1ResTime" : 93341.0,
    "pct2ResTime" : 171917.3499999999,
    "pct3ResTime" : 1393845.1499999953,
    "throughput" : 0.03284083034755451,
    "receivedKBytesPerSec" : 0.007183931638527549,
    "sentKBytesPerSec" : 0.013822654179488275
  },
  "http://127.0.0.1:8888/folders/details?page=1&limit=25&search=197" : {
    "transaction" : "http://127.0.0.1:8888/folders/details?page=1&limit=25&search=197",
    "sampleCount" : 100,
    "errorCount" : 0,
    "errorPct" : 0.0,
    "meanResTime" : 41413.29000000001,
    "medianResTime" : 23354.5,
    "minResTime" : 25.0,
    "maxResTime" : 291510.0,
    "pct1ResTime" : 100627.60000000002,
    "pct2ResTime" : 146807.54999999973,
    "pct3ResTime" : 291239.56999999983,
    "throughput" : 0.03341405054142457,
    "receivedKBytesPerSec" : 0.14448966386467577,
    "sentKBytesPerSec" : 0.018599617977160157
  },
  "http://127.0.0.1:8888/search-indexing?page=1&limit=25&search=%20Transportable%20Port%20Security%20Boat&content_type=all&search_type=public&sort=modified_at" : {
    "transaction" : "http://127.0.0.1:8888/search-indexing?page=1&limit=25&search=%20Transportable%20Port%20Security%20Boat&content_type=all&search_type=public&sort=modified_at",
    "sampleCount" : 100,
    "errorCount" : 0,
    "errorPct" : 0.0,
    "meanResTime" : 133483.91,
    "medianResTime" : 99691.5,
    "minResTime" : 13331.0,
    "maxResTime" : 431916.0,
    "pct1ResTime" : 297406.7,
    "pct2ResTime" : 307677.0,
    "pct3ResTime" : 431654.07999999984,
    "throughput" : 0.028187967515058716,
    "receivedKBytesPerSec" : 0.47250631093357703,
    "sentKBytesPerSec" : 0.01343332826889517
  },
  "http://127.0.0.1:8888/folders/details?page=1&limit=25&search=" : {
    "transaction" : "http://127.0.0.1:8888/folders/details?page=1&limit=25&search=",
    "sampleCount" : 100,
    "errorCount" : 0,
    "errorPct" : 0.0,
    "meanResTime" : 41008.020000000004,
    "medianResTime" : 18543.5,
    "minResTime" : 399.0,
    "maxResTime" : 341789.0,
    "pct1ResTime" : 90690.8,
    "pct2ResTime" : 208014.59999999922,
    "pct3ResTime" : 341436.01999999984,
    "throughput" : 0.033302705944766135,
    "receivedKBytesPerSec" : 0.9568023524365425,
    "sentKBytesPerSec" : 0.018440072529963276
  },
  "http://127.0.0.1:8888/folders/details?page=1&limit=25&search=1" : {
    "transaction" : "http://127.0.0.1:8888/folders/details?page=1&limit=25&search=1",
    "sampleCount" : 100,
    "errorCount" : 0,
    "errorPct" : 0.0,
    "meanResTime" : 40508.86,
    "medianResTime" : 22756.5,
    "minResTime" : 69.0,
    "maxResTime" : 287035.0,
    "pct1ResTime" : 110309.80000000003,
    "pct2ResTime" : 130668.99999999981,
    "pct3ResTime" : 286405.50999999966,
    "throughput" : 0.032493981302313284,
    "receivedKBytesPerSec" : 0.61078530479192,
    "sentKBytesPerSec" : 0.018024005253626896
  },
  "http://127.0.0.1:8888/orbitdb-received-request-files?page=1&limit=25&sort=created_at&search=&start_date=&end_date=" : {
    "transaction" : "http://127.0.0.1:8888/orbitdb-received-request-files?page=1&limit=25&sort=created_at&search=&start_date=&end_date=",
    "sampleCount" : 100,
    "errorCount" : 0,
    "errorPct" : 0.0,
    "meanResTime" : 83326.98999999996,
    "medianResTime" : 54259.5,
    "minResTime" : 189.0,
    "maxResTime" : 343711.0,
    "pct1ResTime" : 277730.40000000014,
    "pct2ResTime" : 290457.39999999997,
    "pct3ResTime" : 343315.2799999998,
    "throughput" : 0.029564674943790163,
    "receivedKBytesPerSec" : 0.004301891178344467,
    "sentKBytesPerSec" : 0.013136647558031761
  },
  "http://127.0.0.1:8888/folders/details?page=1&limit=25&search=1970" : {
    "transaction" : "http://127.0.0.1:8888/folders/details?page=1&limit=25&search=1970",
    "sampleCount" : 100,
    "errorCount" : 0,
    "errorPct" : 0.0,
    "meanResTime" : 42140.970000000016,
    "medianResTime" : 23346.0,
    "minResTime" : 61.0,
    "maxResTime" : 343734.0,
    "pct1ResTime" : 74285.40000000001,
    "pct2ResTime" : 213384.69999999925,
    "pct3ResTime" : 343159.7799999997,
    "throughput" : 0.03458112403177175,
    "receivedKBytesPerSec" : 0.149536344934263,
    "sentKBytesPerSec" : 0.019283029123185226
  },
  "http://127.0.0.1:8888/search-indexing?page=1&limit=25&search=&content_type=all&search_type=public&sort=modified_at" : {
    "transaction" : "http://127.0.0.1:8888/search-indexing?page=1&limit=25&search=&content_type=all&search_type=public&sort=modified_at",
    "sampleCount" : 200,
    "errorCount" : 0,
    "errorPct" : 0.0,
    "meanResTime" : 50742.259999999995,
    "medianResTime" : 49305.5,
    "minResTime" : 1568.0,
    "maxResTime" : 292748.0,
    "pct1ResTime" : 90030.9,
    "pct2ResTime" : 112075.54999999984,
    "pct3ResTime" : 286838.5500000007,
    "throughput" : 0.05276437855697867,
    "receivedKBytesPerSec" : 0.6823299813003042,
    "sentKBytesPerSec" : 0.023445109612720012
  },
  "http://127.0.0.1:8888/search-indexing?page=1&limit=25&search=boat%20disaster&content_type=images&search_type=public&sort=modified_at" : {
    "transaction" : "http://127.0.0.1:8888/search-indexing?page=1&limit=25&search=boat%20disaster&content_type=images&search_type=public&sort=modified_at",
    "sampleCount" : 100,
    "errorCount" : 0,
    "errorPct" : 0.0,
    "meanResTime" : 112571.51999999999,
    "medianResTime" : 65971.5,
    "minResTime" : 531.0,
    "maxResTime" : 528449.0,
    "pct1ResTime" : 255713.30000000002,
    "pct2ResTime" : 290321.89999999997,
    "pct3ResTime" : 526601.8999999991,
    "throughput" : 0.028554189999009168,
    "receivedKBytesPerSec" : 0.004154857724465202,
    "sentKBytesPerSec" : 0.013133812001497382
  },
  "http://127.0.0.1:8888/bookmarks?page=1&limit=25&sort=created_at&extension=images&search=&start_date=&end_date=" : {
    "transaction" : "http://127.0.0.1:8888/bookmarks?page=1&limit=25&sort=created_at&extension=images&search=&start_date=&end_date=",
    "sampleCount" : 100,
    "errorCount" : 0,
    "errorPct" : 0.0,
    "meanResTime" : 49731.91000000001,
    "medianResTime" : 22406.0,
    "minResTime" : 120.0,
    "maxResTime" : 342155.0,
    "pct1ResTime" : 146208.5000000002,
    "pct2ResTime" : 278102.6999999995,
    "pct3ResTime" : 341775.7999999998,
    "throughput" : 0.03143080570984589,
    "receivedKBytesPerSec" : 0.004573427783952185,
    "sentKBytesPerSec" : 0.01384305993666064
  },
  "http://127.0.0.1:8888/search-indexing?page=1&limit=25&search=&content_type=videos&search_type=public&sort=modified_at" : {
    "transaction" : "http://127.0.0.1:8888/search-indexing?page=1&limit=25&search=&content_type=videos&search_type=public&sort=modified_at",
    "sampleCount" : 100,
    "errorCount" : 0,
    "errorPct" : 0.0,
    "meanResTime" : 59527.840000000004,
    "medianResTime" : 53432.5,
    "minResTime" : 232.0,
    "maxResTime" : 289153.0,
    "pct1ResTime" : 92222.1,
    "pct2ResTime" : 144086.69999999984,
    "pct3ResTime" : 288833.7399999998,
    "throughput" : 0.02994540055117504,
    "receivedKBytesPerSec" : 0.3523848404703704,
    "sentKBytesPerSec" : 0.013393548293396649
  },
  "http://127.0.0.1:8888/settings" : {
    "transaction" : "http://127.0.0.1:8888/settings",
    "sampleCount" : 199,
    "errorCount" : 0,
    "errorPct" : 0.0,
    "meanResTime" : 203165.2964824121,
    "medianResTime" : 12733.0,
    "minResTime" : 133.0,
    "maxResTime" : 2630154.0,
    "pct1ResTime" : 152287.0,
    "pct2ResTime" : 2584748.0,
    "pct3ResTime" : 2628854.0,
    "throughput" : 0.06776059738287461,
    "receivedKBytesPerSec" : 0.09398717007143806,
    "sentKBytesPerSec" : 0.04525664113442817
  },
  "http://127.0.0.1:8888/bookmarks" : {
    "transaction" : "http://127.0.0.1:8888/bookmarks",
    "sampleCount" : 100,
    "errorCount" : 0,
    "errorPct" : 0.0,
    "meanResTime" : 88338.44000000002,
    "medianResTime" : 57763.5,
    "minResTime" : 439.0,
    "maxResTime" : 444437.0,
    "pct1ResTime" : 223097.40000000008,
    "pct2ResTime" : 254352.24999999997,
    "pct3ResTime" : 442814.34999999916,
    "throughput" : 0.02907421309188556,
    "receivedKBytesPerSec" : 0.0037762405675984176,
    "sentKBytesPerSec" : 0.017149242878416873
  },
  "http://127.0.0.1:8888/search-indexing?page=1&limit=25&search=boat%20disaster&content_type=all&search_type=public&sort=modified_at" : {
    "transaction" : "http://127.0.0.1:8888/search-indexing?page=1&limit=25&search=boat%20disaster&content_type=all&search_type=public&sort=modified_at",
    "sampleCount" : 100,
    "errorCount" : 0,
    "errorPct" : 0.0,
    "meanResTime" : 118707.11000000003,
    "medianResTime" : 82774.0,
    "minResTime" : 7805.0,
    "maxResTime" : 353927.0,
    "pct1ResTime" : 273211.3,
    "pct2ResTime" : 289335.39999999997,
    "pct3ResTime" : 353432.23999999976,
    "throughput" : 0.028074738322382782,
    "receivedKBytesPerSec" : 0.46783919407533187,
    "sentKBytesPerSec" : 0.012831032748901506
  },
  "http://127.0.0.1:8888/public-index" : {
    "transaction" : "http://127.0.0.1:8888/public-index",
    "sampleCount" : 100,
    "errorCount" : 0,
    "errorPct" : 0.0,
    "meanResTime" : 31177.269999999997,
    "medianResTime" : 11140.0,
    "minResTime" : 130.0,
    "maxResTime" : 342176.0,
    "pct1ResTime" : 87494.10000000002,
    "pct2ResTime" : 142038.89999999947,
    "pct3ResTime" : 341616.5099999997,
    "throughput" : 0.03446469436709035,
    "receivedKBytesPerSec" : 0.005654363919600761,
    "sentKBytesPerSec" : 0.012621348034823128
  },
  "http://127.0.0.1:8888/public-stats" : {
    "transaction" : "http://127.0.0.1:8888/public-stats",
    "sampleCount" : 100,
    "errorCount" : 0,
    "errorPct" : 0.0,
    "meanResTime" : 83469.47999999997,
    "medianResTime" : 52929.5,
    "minResTime" : 776.0,
    "maxResTime" : 2621786.0,
    "pct1ResTime" : 100959.30000000003,
    "pct2ResTime" : 126034.59999999993,
    "pct3ResTime" : 2598786.639999988,
    "throughput" : 0.0315167300257996,
    "receivedKBytesPerSec" : 0.012064998213001407,
    "sentKBytesPerSec" : 0.011541771249682468
  },
  "http://127.0.0.1:8888/load-public-indexes" : {
    "transaction" : "http://127.0.0.1:8888/load-public-indexes",
    "sampleCount" : 100,
    "errorCount" : 0,
    "errorPct" : 0.0,
    "meanResTime" : 62224.92,
    "medianResTime" : 6786.5,
    "minResTime" : 90.0,
    "maxResTime" : 998888.0,
    "pct1ResTime" : 67199.90000000001,
    "pct2ResTime" : 531193.8499999959,
    "pct3ResTime" : 998886.12,
    "throughput" : 0.036538222634698164,
    "receivedKBytesPerSec" : 0.005637733570588192,
    "sentKBytesPerSec" : 0.013630469771928415
  },
  "http://127.0.0.1:8888/files-stats" : {
    "transaction" : "http://127.0.0.1:8888/files-stats",
    "sampleCount" : 100,
    "errorCount" : 0,
    "errorPct" : 0.0,
    "meanResTime" : 65541.95,
    "medianResTime" : 59310.0,
    "minResTime" : 438.0,
    "maxResTime" : 294054.0,
    "pct1ResTime" : 109926.60000000002,
    "pct2ResTime" : 148885.54999999996,
    "pct3ResTime" : 294028.74,
    "throughput" : 0.030477778803862998,
    "receivedKBytesPerSec" : 0.009048090582396827,
    "sentKBytesPerSec" : 0.01113153249281715
  },
  "http://127.0.0.1:8888/bookmarks/delete" : {
    "transaction" : "http://127.0.0.1:8888/bookmarks/delete",
    "sampleCount" : 100,
    "errorCount" : 100,
    "errorPct" : 100.0,
    "meanResTime" : 55718.51000000004,
    "medianResTime" : 34869.5,
    "minResTime" : 645.0,
    "maxResTime" : 322082.0,
    "pct1ResTime" : 126552.40000000001,
    "pct2ResTime" : 292223.89999999956,
    "pct3ResTime" : 322081.93,
    "throughput" : 0.030862101956040024,
    "receivedKBytesPerSec" : 0.006751084802883755,
    "sentKBytesPerSec" : 0.01305008803414583
  },
  "http://127.0.0.1:8888/folders?page=1&limit=54&status=0&search=" : {
    "transaction" : "http://127.0.0.1:8888/folders?page=1&limit=54&status=0&search=",
    "sampleCount" : 200,
    "errorCount" : 0,
    "errorPct" : 0.0,
    "meanResTime" : 77334.14500000008,
    "medianResTime" : 19100.5,
    "minResTime" : 95.0,
    "maxResTime" : 2684217.0,
    "pct1ResTime" : 90158.20000000006,
    "pct2ResTime" : 187098.74999999994,
    "pct3ResTime" : 2684159.67,
    "throughput" : 0.05247202257346411,
    "receivedKBytesPerSec" : 0.037560539596044135,
    "sentKBytesPerSec" : 0.020650610446392614
  },
  "http://127.0.0.1:8888/orbitdb-requested-files?page=1&limit=25&sort=created_at&search=&start_date=&end_date=" : {
    "transaction" : "http://127.0.0.1:8888/orbitdb-requested-files?page=1&limit=25&sort=created_at&search=&start_date=&end_date=",
    "sampleCount" : 100,
    "errorCount" : 0,
    "errorPct" : 0.0,
    "meanResTime" : 32359.77,
    "medianResTime" : 9574.0,
    "minResTime" : 333.0,
    "maxResTime" : 654760.0,
    "pct1ResTime" : 55868.9,
    "pct2ResTime" : 134865.84999999948,
    "pct3ResTime" : 653380.3099999994,
    "throughput" : 0.03567323601198906,
    "receivedKBytesPerSec" : 0.005190734536900752,
    "sentKBytesPerSec" : 0.015607040755245213
  },
  "http://127.0.0.1:8888/search-indexing?page=1&limit=25&search=&content_type=all&search_type=local&sort=modified_at" : {
    "transaction" : "http://127.0.0.1:8888/search-indexing?page=1&limit=25&search=&content_type=all&search_type=local&sort=modified_at",
    "sampleCount" : 100,
    "errorCount" : 0,
    "errorPct" : 0.0,
    "meanResTime" : 71198.48999999999,
    "medianResTime" : 49973.5,
    "minResTime" : 497.0,
    "maxResTime" : 343548.0,
    "pct1ResTime" : 166406.1,
    "pct2ResTime" : 214151.94999999984,
    "pct3ResTime" : 343100.6599999998,
    "throughput" : 0.029472660423374767,
    "receivedKBytesPerSec" : 0.24381143207656997,
    "sentKBytesPerSec" : 0.013066980304894673
  },
  "http://127.0.0.1:8888/bookmarks?page=1&limit=25&sort=created_at&extension=all&search=&start_date=&end_date=" : {
    "transaction" : "http://127.0.0.1:8888/bookmarks?page=1&limit=25&sort=created_at&extension=all&search=&start_date=&end_date=",
    "sampleCount" : 100,
    "errorCount" : 0,
    "errorPct" : 0.0,
    "meanResTime" : 24644.069999999996,
    "medianResTime" : 8551.0,
    "minResTime" : 140.0,
    "maxResTime" : 248735.0,
    "pct1ResTime" : 67132.70000000001,
    "pct2ResTime" : 134802.39999999994,
    "pct3ResTime" : 247786.9699999995,
    "throughput" : 0.034853248653880405,
    "receivedKBytesPerSec" : 0.013545796776632153,
    "sentKBytesPerSec" : 0.015248296286072677
  },
  "Total" : {
    "transaction" : "Total",
    "sampleCount" : 3899,
    "errorCount" : 200,
    "errorPct" : 5.1295204,
    "meanResTime" : 77448.89715311612,
    "medianResTime" : 37632.0,
    "minResTime" : 25.0,
    "maxResTime" : 2749697.0,
    "pct1ResTime" : 161687.0,
    "pct2ResTime" : 251430.0,
    "pct3ResTime" : 606288.0,
    "throughput" : 1.0194330237209699,
    "receivedKBytesPerSec" : 5.4748690350323885,
    "sentKBytesPerSec" : 0.4741773402315229
  },
  "http://127.0.0.1:8888/search-indexing?page=1&limit=25&search=boat%20disaster&content_type=transcriptions&search_type=public&sort=modified_at" : {
    "transaction" : "http://127.0.0.1:8888/search-indexing?page=1&limit=25&search=boat%20disaster&content_type=transcriptions&search_type=public&sort=modified_at",
    "sampleCount" : 100,
    "errorCount" : 0,
    "errorPct" : 0.0,
    "meanResTime" : 89791.46,
    "medianResTime" : 59741.5,
    "minResTime" : 458.0,
    "maxResTime" : 701213.0,
    "pct1ResTime" : 193928.5,
    "pct2ResTime" : 279774.64999999956,
    "pct3ResTime" : 697243.7499999979,
    "throughput" : 0.02906353230033789,
    "receivedKBytesPerSec" : 0.00422897100854526,
    "sentKBytesPerSec" : 0.01359514841002134
  },
  "http://127.0.0.1:8888/search-indexing?page=1&limit=25&search=Boat&content_type=all&search_type=public&sort=modified_at" : {
    "transaction" : "http://127.0.0.1:8888/search-indexing?page=1&limit=25&search=Boat&content_type=all&search_type=public&sort=modified_at",
    "sampleCount" : 100,
    "errorCount" : 0,
    "errorPct" : 0.0,
    "meanResTime" : 242226.00000000003,
    "medianResTime" : 53810.0,
    "minResTime" : 4374.0,
    "maxResTime" : 2749697.0,
    "pct1ResTime" : 189586.90000000008,
    "pct2ResTime" : 2672749.9,
    "pct3ResTime" : 2749041.8899999997,
    "throughput" : 0.03219645504151411,
    "receivedKBytesPerSec" : 0.5563321049849128,
    "sentKBytesPerSec" : 0.014431809437553688
  },
  "http://127.0.0.1:8888/search-indexing?page=1&limit=25&search=Thekkady%20boat%20disaster&content_type=all&search_type=public&sort=modified_at" : {
    "transaction" : "http://127.0.0.1:8888/search-indexing?page=1&limit=25&search=Thekkady%20boat%20disaster&content_type=all&search_type=public&sort=modified_at",
    "sampleCount" : 100,
    "errorCount" : 0,
    "errorPct" : 0.0,
    "meanResTime" : 140189.85999999993,
    "medianResTime" : 105560.0,
    "minResTime" : 18328.0,
    "maxResTime" : 703659.0,
    "pct1ResTime" : 254801.90000000002,
    "pct2ResTime" : 311964.1499999999,
    "pct3ResTime" : 703273.9599999998,
    "throughput" : 0.02758088093333701,
    "receivedKBytesPerSec" : 0.10601401108751414,
    "sentKBytesPerSec" : 0.01284773457539234
  }
}